10054	D009872	Auxiliares de Cirugía
10054	D009872	Auxiliares de Quirófano
10054	D009872	Personal especialmente capacitado para asistir en procedimientos técnicos de rutina en salas de operación
10054	D009872	técnicos de quirófano
10563	D010370	Asistentes de Pediatría
10563	D010370	Personas tecnicamente preparadas para proporcionar cuidados médicos a niños bajo la supervisión de un médico
10563	D010370	asistentes de pediatría
10563	D010370	asistentes pediátricos
10563	D010370	ayudantes de pediatría
10749	D010564	La mano de obra empleada por un hospital
10749	D010564	Personal de Hospital
10749	D010564	personal de hospital
10749	D010564	personal hospitalario
10786	D010595	Aquellas personas legalmente calificadas mediante la educación y el entrenamiento para desempeñarse en la práctica de la farmacia
10786	D010595	Farmacéuticos
10786	D010595	Farmacéuticos Clínicos
10786	D010595	Farmacéuticos Comunitarios
10786	D010595	Farmacéuticos Minoristas
10786	D010595	Farmacéuticos de Venta al Público
10786	D010595	farmacéuticos
10786	D010595	farmacéuticos clínicos
10786	D010595	farmacéuticos comunitarios
10786	D010595	farmacéuticos de venta al público
10787	D010596	Personas que ejecutan algunas funciones bajo la supervisión de un farmacéutico
10787	D010596	Técnicos Farmacéuticos
10787	D010596	Técnicos de Farmacia
10787	D010596	Técnicos en Farmacia
10787	D010596	ayudantes de farmacia
10787	D010596	técnicos de farmacia
10787	D010596	técnicos en farmacia
10787	D010596	técnicos farmacéuticos
11252	D010820	Las personas con licencia para practicar la medicina
11252	D010820	Médicos
11252	D010820	médicos
11253	D010821	Médicos de Familia
11253	D010821	Práctica médica dirigida a individuos, nucleos familiares o la comunidad que, independientemente de edad, sexo o patología del paciente, se propone a le prestar asistencia integral, continua y personalizada, sin interrumpirla ni siquiera cuando es necesario transferir el paciente a otros niveles de asistencia
11253	D010821	médicos de familia
11254	D010822	Mujeres autorizadas para practicar la medicina
11254	D010822	Médicos Mujeres
11254	D010822	mujeres médicas
11254	D010822	médicas
11254	D010822	médicos mujeres
11255	D010823	Asistentes Médicos
11255	D010823	Asistentes de los Médicos
11255	D010823	Feldshers
11255	D010823	Profesionales de la salud que practican la medicina como miembros de un equipo con sus médicos supervisores. Ofrecen una amplia gama de servicios médicos y quirúrgicos a diversas poblaciones en zonas rurales y urbanas. Las tareas pueden incluir exámenes físicos, diagnóstico y tratamiento de la enfermedad , interpretación de los exámenes, ayudar en la cirugía y recetar medicamentos. (a partir de http://www.aapa.orglabout-pas acceder 2114/2011
11255	D010823	asistentes de medicina
11255	D010823	asistentes de médicos
12003	D011566	Asistentes de Hospital Psiquiatrico
12003	D011566	Auxiliares de Psiquiatría
12003	D011566	Guardianes Psiquiátricos
12003	D011566	Personas que asisten en los cuidados de rutina del paciente psiquiátrico, generalmente bajo la supervisión del departamento de enfermería
12003	D011566	asistentes de psiquiatría
12003	D011566	celadores de hospitales psiquiátricos
12003	D011566	celadores psiquiátricos
12529	D012108	Aquellos individuos que se desempeñan en la investigación . (DeCS). Profesionales que trabajan en la concepción o creación de nuevos conocimientos, productos, procesos, métodos o sistemas y en la gestión de dichos proyectos , involucrando tanto las actividades científicas como las tecnológicas (RICYT)
12529	D012108	Investigador Clínico
12529	D012108	Investigadores
12529	D012108	Investigadores Clínicos
12529	D012108	investigador clínico
12529	D012108	investigadores
12529	D012108	investigadores clínicos
12529	D012108	personal de investigación
17475	D009881	Asistentes Oftalmológicos
17475	D009881	Asistentes de Oftalmología
17475	D009881	Personas academicamente entrenadas para cuidar de pacientes con enfermedades de los ojos o defectos estructurales de los ojos, bajo la supervisión de un oftalmologista
17475	D009881	asistentes de oftalmología
17475	D009881	ayudantes de oftalmología
17489	D008496	Individuos que reciben a los pacientes en un consultório médico
17489	D008496	Recepcionistas de Consultorio Médico
17489	D008496	recepcionistas de consultas médicas
288	D000288	Administradores
288	D000288	Indivíduos responsables por el desarrollo de políticas y supervisión de la ejecución de planes y operaciones funcionales
288	D000288	Personal Administrativo
288	D000288	administradores
288	D000288	personal administrativo
28839	D014341	Fideicomisario
28839	D014341	Fideicomisarios
28839	D014341	Fiduciario
28839	D014341	Fiduciarios
28839	D014341	Miembros del directorio de una institución u organización a quienes se les confía la administración de fondos y la dirección de la política
28839	D014341	Síndicos
28839	D014341	fideicomisario
28839	D014341	fideicomisarios
28839	D014341	fiduciario
28839	D014341	fiduciarios
28993	D016357	Médicos u otras personas responsables por la implementación y supervisión de políticas y procedimientos cumplidos por una institución de atención en salud para reducir el riesgo de infección para los pacientes y el cuerpo profesional
28993	D016357	Profesionales para Control de Infecciones
28993	D016357	profesionales para el control de infecciones
29005	D016245	Bibliotecaria
29005	D016245	Bibliotecarias
29005	D016245	Bibliotecario
29005	D016245	Bibliotecarios
29005	D016245	Bibliotecóloga
29005	D016245	Bibliotecólogas
29005	D016245	Bibliotecólogo
29005	D016245	Bibliotecólogos
29005	D016245	Especialistas en el manejo de una bibioteca o de los servicios prestados por una biblioteca, que aportan calificación profesional a la adminstración, organización del material y del personal, interpretación de las reglas bibliotecarias, desarrollo y mantenimiento de las colecciones de la biblioteca y prestación de servicios de información
29005	D016245	bibliotecarios
29881	D016495	Agentes de la ley responsabilizados de mantener y hacer cumplir la ley y el orden entre la ciudadanía
29881	D016495	Oficiales Encargados de la Ley
29881	D016495	Policia
29881	D016495	Policiais
29881	D016495	policías
30018	D017056	Personal de Laboratorio Clínico
30018	D017056	Profesionales de la salud, técnicos y personal asistente de LABORATORIOS en investigación o en salud
30018	D017056	personal de laboratorio médico
3002	D002977	Capellanes
3002	D002977	Clero
3002	D002977	Clérigos
3002	D002977	Curas
3002	D002977	Diáconos
3002	D002977	Imames
3002	D002977	Pastores
3002	D002977	Personas ordenadas para los deberes religiosos, que actúan como líderes y realizan servicios religiosos
3002	D002977	Rabinos
3002	D002977	Sacerdotes
3002	D002977	clero
3002	D002977	clérigos
30192	D016542	Directores de Hospitales
30192	D016542	Individuos que tienen la autoridad formal para dirigir un hospital, incluyendo sus programas y servicios, en concordancia con las metas y objetivos establecidos por un cuerpo gobernante (U
30192	D016542	directores de hospital
30192	D016542	directores de instituciones sanitarias
30192	D016542	directores hospitalarios
30212	D017028	Cuidador Familiar
30212	D017028	Cuidador de Familia
30212	D017028	Cuidadores
30212	D017028	Cuidadores Familiares
30212	D017028	Cuidadores de Esposos
30212	D017028	Cuidadores de Familia
30212	D017028	Familiar Cuidador
30212	D017028	Familiares Cuidadores
30212	D017028	Personas que cuidan a quienes necesitan supervisión o asistencia por enfermedad o discapacidad. Pueden brindar los cuidados en la casa, en un hospital o en una institución. Aunque los cuidadores incluyen al personal médico entrenado, enfermeros y demás personal de salud , el concepto también se refiere a padres , esposos u otros miembros de la familia , amigos , miembros del clero, maestros , trabajadores sociales , compañeros pacientes , etc
30212	D017028	cuidador de familia
30212	D017028	cuidadores de pacientes
30212	D017028	cónyuge cuidador
30212	D017028	cónyuges cuidadores
30212	D017028	familiar cuidador
30212	D017028	familiares cuidadores
30349	D006282	Individuos que trabajan en la prestación de servicios de salud , ya sea como practicantes individuales o como empleados de instituciones y programas de salud, aunque no tengan entrenamiento profesional, y estén o no sujetos a regulación pública
30349	D006282	Personal de Salud
30349	D006282	Proveedores de Atención de Salud
30349	D006282	Trabajadores de la Salud
30349	D006282	personal sanitario
30349	D006282	personal sanitario y de investigación
30349	D006282	prestadores de servicios sanitarios
30349	D006282	profesionales sanitarios
30349	D006282	proveedores de asistencia sanitaria
30349	D006282	proveedores de atención a la salud
30349	D006282	proveedores de cuidados sanitarios
30349	D006282	recursos humanos en salud
30349	D006282	recursos humanos para la salud
30349	D006282	trabajadores de la salud
31652	D017750	Asistentes de Veterinaria
31652	D017750	Asistentes de veterinarios , biólogos, biomédicos u otros científicos ocupados en la atención y manejo de animales , y que son entrenados en principios básicos de procesos de vida animal, rutina de laboratorio y procedimientos de atención de salud animal
31652	D017750	Enfermeras Veterinarias
31652	D017750	Tecnologos de Animales de Laboratorio
31652	D017750	Técnicos de Animales
31652	D017750	asistentes de veterinaria
31652	D017750	asistentes veterinarios
31652	D017750	ayudantes veterinarios
31652	D017750	enfermeras veterinarias
31652	D017750	técnicos de animales
31652	D017750	técnicos de animales de laboratorio
31652	D017750	técnicos en animales
31652	D017750	técnicos en el manejo de animales
3181	D003150	Agente Comunitario de Salud
3181	D003150	Agentes Comunitarios de Salud
3181	D003150	Agentes de Salud Comunitaria
3181	D003150	Auxiliares de Salud Comunitaria
3181	D003150	Médicos de Pies Descalzos
3181	D003150	Personas capacitadas para asistir al personal profesional de la salud en el contacto con residentes de la comunidad para evaluación de las necesidades de los servicios de salud
3181	D003150	Trabajador de Salud Rural
3181	D003150	Trabajadores Comunitarios de Salud
3181	D003150	Trabajadores de Salud Comunitaria
3181	D003150	asistentes en salud comunitaria
3181	D003150	auxiliares de atención comunitaria
3181	D003150	trabajador sanitario comunitario
3181	D003150	trabajadores de salud comunitaria
3181	D003150	trabajadores para la salud comunitaria
31978	D018634	Individuos con un título en medicina veterinaria que les proporciona entrenamiento y calificación para tratar las enfermedades y lesiones de los animales
31978	D018634	Veterinarios
31978	D018634	veterinarios
32195	D018576	Auxiliares Domésticos de Salud a Domicilio
32195	D018576	Auxiliares de Atención a Domicilio
32195	D018576	Auxiliares de Salud a Domicilio
32195	D018576	Personas que ayudan a enfermos, ancianos, discapacitados en la casa, llevando a cabo las tareas del cuidado personal y las faenas domésticas
32195	D018576	asistentes domiciliarios
32195	D018576	ayudantes de cuidados domiciliarios
32349	D018480	Astronautas
32349	D018480	Cosmonautas
32349	D018480	Miembros de la tripulación de una nave espacial , incluyendo los que viajan al espacio y los que se están entrenando para un vuelo espacial
32349	D018480	astronautas
32349	D018480	cosmonautas
32829	D019024	A finales de la Edad Media los barberos también hacían sangrías, vendían ungüentos, extraían dientes, aplicaban ventosas, y ponían enemas. Ellos generalmente tenían derecho a practicar la cirugía . En el siglo XVIII los barberos continuaron practicando la cirugía menor y la odontología y muchos cirujanos famosos adquirieron sus habilidades en las tiendas de los barberos. ( Traducción libre del original: Castiglioni, A History of Medicine, 2d ed, pp402, 568, 658
32829	D019024	Cirujanos Barberos
32829	D019024	cirujanos barberos
3349	D003334	Examinador Médico
3349	D003334	Examinadores Médicos
3349	D003334	Médico Examinador
3349	D003334	Médico Forense
3349	D003334	Médico Legista
3349	D003334	Médicos Examinadores
3349	D003334	Médicos Forenses
3349	D003334	Médicos Forenses e Investigadores
3349	D003334	Médicos Forenses y Examinadores
3349	D003334	Médicos Legistas
3349	D003334	Médicos designados para investigar todos los casos de muerte repentina o violenta
3349	D003334	examinador médico
3349	D003334	examinadors médicos
3349	D003334	médico forense
3349	D003334	médico legista
3349	D003334	médicos forenses
3349	D003334	médicos forenses e investigadores
3349	D003334	médicos legistas
33885	D020445	Médicos Hospitalarios
33885	D020445	Médicos de Hospital
33885	D020445	Médicos empleados para trabajar exclusivamente en el marco hospitalario, primordialmente en organizaciones de cuidados dirigidos. Ellos son los médicos de cabecera o principales responsables del paciente durante la hospitalización
33885	D020445	médico asistencial de hospital
33885	D020445	médicos de hospital
35137	D061388	Bomberos
35137	D061388	Brigada contra Incendio
35137	D061388	Brigada de Incendio
35137	D061388	Brigadas contra Incendios
35137	D061388	Brigadas de Incendios
35137	D061388	Cuerpo de Bomberos
35137	D061388	Cuerpos de Bomberos
35137	D061388	Profesionales o voluntarios miembros de un cuerpo de bomberos que están capacitados para suprimir el fuego y responder a emergencias relacionadas
35137	D061388	bomberos
36365	D026822	Bioeticistas
36365	D026822	Especialista en Bioética
36365	D026822	Especialista en Ética
36365	D026822	Eticistas
36365	D026822	Experto en Bioética
36365	D026822	Experto en Ética
36365	D026822	Personas formadas en la ética filosófica o teológica que trabajan en la clínica, con investigación , política pública , o a otros lugares donde se llevan sus conocimientos técnicos en el análisis de los dilemas éticos en las políticas o los casos. ( Traducción libre del original: Bioethics Thesaurus
36365	D026822	asesores morales
36365	D026822	eticistas
3739	D003726	Asistentes Dentales
3739	D003726	Enfermeras Dentales
3739	D003726	Enfermeras de Odontología
3739	D003726	Individuos que asisten al dentista o al higienista. dentário
3739	D003726	asistentes dentales
3739	D003726	enfermeras dentales
3739	D003726	enfermeros dentales
3740	D003727	Auxiliares Dentales
3740	D003727	Personal cuyo trabajo es designado y supervisado por un dentista
3740	D003727	Recepcionistas Dentales
3740	D003727	auxiliares dentales
3740	D003727	recepcionista dental
3740	D003727	recepcionistas dentales
3770	D003756	Higienistas Dentales
3770	D003756	Personas preparadas en una escuela reconocida o colégio odontológico y autorizadas, por el Estado en que residen, para ejercer la profilaxis bajo la dirección de un dentista licenciado
3770	D003756	higienistas dentales
37731	D040441	Educadores de Salud
37731	D040441	Educadores de la Salud
37731	D040441	Educadores en Salud
37731	D040441	Profesionales que planifican, organizan y dirigen los programas de educación para la salud destinados a individuos, grupos y a la comunidad
37731	D040441	educadores de salud
37731	D040441	educadores en salud
37732	D033241	Abogados
37732	D033241	Las personas cuya profesión consiste en dar asesoría legal y asistencia a los clientes y representarlos en asuntos legales. ( Traducción libre del original: American Heritage Dictionary, 3d ed
37732	D033241	abogados
3812	D003797	Personal de Odontología
3812	D003797	Personal que proporciona servicio odontológico a pacientes en una clínica organizada, institución o agencia
3812	D003797	personal de odontología
3813	D003798	Personal de Odontología en Hospital
3813	D003798	Personal de odontología que ejerce en hospitales
3813	D003798	personal hospitalario de odontología
3813	D003798	personal odontológico hospitalario
3815	D003800	Indivíduos responsables por la fabricación de dispositivos dentales
3815	D003800	Técnicos Dentales
3815	D003800	técnicos dentales
3830	D003815	Dentista
3830	D003815	Dentistas
3830	D003815	Individuos autorizados para practicar la ODONTOLOGÍA
3830	D003815	Odontopediatra
3830	D003815	Odontopediatras
3830	D003815	Odontólogos
3830	D003815	Periodoncista
3830	D003815	Periodoncistas
3830	D003815	Protesistas
3830	D003815	dentista
3830	D003815	dentistas
3830	D003815	odontopediatra
3830	D003815	odontopediatras
3830	D003815	odontólogos
3830	D003815	periodoncista
3830	D003815	periodoncistas
3831	D003816	Dentistas Mujeres
3831	D003816	Dentistas que son mujeres
3831	D003816	Odontólogas
3831	D003816	Odontólogos Mujeres
3831	D003816	mujeres dentistas
3831	D003816	mujeres odontólogas
3831	D003816	odontólogas
3851	D003835	Mecánicos Dentales
3851	D003835	Personas que fabrican y colocan DENTADURAS postizas sin la supervisión de dentistas. ( Traducción libre del original: Stedman's Medical Dictionary, 27 a ed) Ellos pueden o no tener educación formal en ciencias de la salud , pero están bien versados en el arte de la construcción de prótesis dentales
3851	D003835	denturismo
3851	D003835	denturistas
3851	D003835	mecánicos de odontología
3851	D003835	mecánicos dentales
3851	D003835	mecánicos odontológicos
4709	D004634	Auxiliares de Urgencia
4709	D004634	Paramédicos de Urgencia
4709	D004634	Personal paramédico capacitado para proporcionar atención basica de emergência y de protección a la vida, bajo la supervisión de médicos y/o enfermeras. Estos servicios pueden ser ejecutados fuera de una unidad de emergência, en una ambulancia o en una institución de atención a la salud
4709	D004634	auxiliares de urgencias médicas
4709	D004634	auxiliares tecnicos de urgencias médicas
4709	D004634	paramédicos de emergencias
4709	D004634	técnicos auxiliares de emergencias
4709	D004634	técnicos de emergencias médicas
4709	D004634	técnicos de urgencias médicas
490	D000488	Asistentes de Salud
490	D000488	Auxiliares de Clínica
490	D000488	Individuos que reciben capacitación , formal o en el trabajo , para asistir como auxiliares (de farmacia , de médicos , etc) al personal profesional altamente capacitado
490	D000488	Paramédico
490	D000488	Paramédicos
490	D000488	Personal Paramédico
490	D000488	Profesionales Paramédicos
490	D000488	Trabajadores de Apoyo de la Salud
490	D000488	Técnicos Medios en Salud
490	D000488	Técnicos en Salud
490	D000488	auxiliares de clínica
490	D000488	paramédico
490	D000488	paramédicos
490	D000488	personal paramédico
490	D000488	profesionales paramédicos
490	D000488	técnicos medios en salud
490	D000488	técnicos sanitarios auxiliares
5278	D005178	Cuerpo Docente
5278	D005178	Docente
5278	D005178	Docentes
5278	D005178	Educador
5278	D005178	Educadores
5278	D005178	Personal DOCENTE y administrativo con rango académico en una institución educativa postsecundaria
5278	D005178	Profesor
5278	D005178	Profesor Universitario
5278	D005178	Profesora
5278	D005178	Profesores
5278	D005178	Profesores Universitarios
5278	D005178	cuerpo de profesores
5278	D005178	cuerpo docente
5278	D005178	profesor universitario
5278	D005178	profesorado
5278	D005178	profesores docentes
5278	D005178	profesores universitarios
5279	D005179	Docente de Odontología
5279	D005179	Docentes de Odontología
5279	D005179	El profesorado y miembros del personal administrativo que tienen rango académico en una escuela de odontología
5279	D005179	cuerpo docente de odontología
5279	D005179	docentes de odontología
5279	D005179	profesorado de odontología
5280	D005180	Docente Médico
5280	D005180	Docentes Médicos
5280	D005180	Personal docente y administrativo con rango académico en una escuela de medicina
5280	D005180	cuerpo docente de medicina
5280	D005180	docentes de medicina
5280	D005180	profesorado de medicina
5281	D005181	Docente de Enfermería
5281	D005181	Docentes de Enfermería
5281	D005181	El profesorado y miembros del personal administrativo que tienen rango académico en una escuela de enfermería
5281	D005181	cuerpo docente de enfermería
5281	D005181	docentes de enfermería
5281	D005181	profesorado de enfermería
52951	D054814	Anatomistas
52951	D054814	Aquellas personas expertas en anatomía o disección
52951	D054814	anatomistas
52951	D054814	técnico de autopsias
52952	D054538	Médicos Laborales
52952	D054538	Médicos de Salud Ocupacional
52952	D054538	Médicos empleados en una compañía o un establecimiento corporativo que no está generalmente en la industria de la atención en salud
52952	D054538	médicos de salud laboral
52952	D054538	médicos del trabajo
53388	D055360	Médicos Osteopáticos
53388	D055360	Médicos Osteópatas
53388	D055360	Médicos licenciados entrenados en MEDICINA OSTEOPATICA . Un médico osteopático, también conocido D.O. (Doctor en Osteopatía), es capaz de realizar cirugía y prescribir medicamentos
53388	D055360	Osteópatas
53388	D055360	médicos osteopáticos
53388	D055360	médicos osteópatas
53388	D055360	osteópatas
54386	D059037	Doulas
54386	D059037	Mujeres laicas capacitados que proporcionan apoyo emocional y / o físico durante el parto obstétrico y el período postparto para las madres y sus parejas
54386	D059037	monitoras perinatales
54387	D058005	Clínico General
54387	D058005	Clínicos Generales
54387	D058005	Médico General
54387	D058005	Médico Generalista
54387	D058005	Médico de Medicina General
54387	D058005	Médicos Generales
54387	D058005	Médicos Generalistas
54387	D058005	Médicos cuya práctica no se limita a un campo específico de la MEDICINA
54387	D058005	Médicos de Medicina General
54387	D058005	clínico general
54387	D058005	médico de medicina general
54387	D058005	médico general
54387	D058005	médico generalista
54387	D058005	médicos de medicina general
54387	D058005	médicos generales
54387	D058005	médicos generalistas
54388	D058007	Médicos de Atención Primaria
54388	D058007	Proveedores de atención médica inicial para pacientes . Estos MÉDICOS refieren a los pacientes cuando es apropiado a atención secundaria o de especialista
54388	D058007	médicos de asistencia primaria
54388	D058007	médicos de atención primaria
54837	D060731	Personal capacitado para prestar los primeros servicios, atención y apoyo en URGENCIAS MÉDICAS o DESASTRES
54837	D060731	Personal de Emergencias
54837	D060731	Personal de Primera Respuesta
54837	D060731	Personal de Respuesta de Emergencia
54837	D060731	Primer Interventor
54837	D060731	Primeros Interventores
54837	D060731	Socorristas
54837	D060731	personal de emergencias
54837	D060731	personal de primera respuesta
54837	D060731	personal de protección civil
54837	D060731	personal de urgencias
54837	D060731	personal en casos de emergencia
54839	D059825	Fisioterapeuta
54839	D059825	Fisioterapeutas
54839	D059825	Las personas formadas en FISIOTERAPIA para hacer uso de las MODALES DE FISIOTERAPIA para prevenir, corregir y aliviar la disfunción del movimiento
54839	D059825	fisioterapeuta
54839	D059825	fisioterapeutas
54840	D061348	Acompañantes de Pacientes
54840	D061348	Chaperones Médicos
54840	D061348	Las personas que están presentes como una tercera parte durante los encuentros médicos , como el examen físico por un profesional de la salud de un individuo del sexo opuesto
54840	D061348	acompañante formal del paciente
54840	D061348	acompañantes formales de pacientes
54840	D061348	chaperones
54841	D059232	Personal de Laboratorio
54841	D059232	Profesionales, técnicos y de los trabajadores asistentes de los LABORATORIOS
54841	D059232	Técnicos de Laboratorio
54841	D059232	personal de laboratorio
54841	D059232	técnicos de laboratorio
55141	D063372	Asistentes de Fisioterapeutas
55141	D063372	Las personas que, bajo la supervisión de licenciados FISIOTERAPEUTAS , proporcionan el tratamiento del paciente utilizando diversas técnicas de MODALIDADES DE FISIOTERAPIA
55141	D063372	ayudantes de fisioterapeutas
55141	D063372	ayudantes de fisioterapia
55142	D062068	Inventores
55142	D062068	Las personas o entidades que introducen una nueva composición, dispositivo o proceso, así como las mejoras de los mismos
55142	D062068	inventores
55444	D064700	Enfermeras Internacionales
55444	D064700	Las enfermeras que proporcionan cuidados de enfermería en países distintos de aquellos en los que recibieron su formación
55444	D064700	enfermeras internacionales
55444	D064700	personal de enfermería internacional
55445	D064686	1) Personas especialmente entrenados en CIENCIAS DE LA NUTRICIÓN . 2) Dietista: Personas especialmente entrenadas y licenciadas in CIENCIAS DE LA NUTRICIÓN y DIETÉTICA . 3) Nutricionista: Profesional que aplica la ciencia de la nutrición a la promoción de la salud y al control de enfermedades, instruye a personal médico auxiliar y participa de la evaluación en salud pública. En Brasil al nutricionista le cabe también la elaboración de dietas y menus
55445	D064686	Dietista
55445	D064686	Dietistas
55445	D064686	Nutricionista
55445	D064686	Nutricionistas
55445	D064686	dietista
55445	D064686	dietistas
55445	D064686	nutricionista
55445	D064686	nutricionistas
55446	D064703	Enfermeras de Familia
55446	D064703	Enfermeros de Familia
55446	D064703	Las enfermeras con títulos de posgrado en enfermería que atienden a pacientes de todas las edades, y que centran sus esfuerzos en la atención de necesidades de salud de toda la familia
55446	D064703	enfermeras de familia
55446	D064703	enfermeras practicantes de familia
55446	D064703	enfermeros de familia
55446	D064703	personal de enfermería de familia
55447	D064701	Las enfermeras con títulos de posgrado en enfermería que atienden a los pacientes pediátricos que están graves o críticamente enfermos
55447	D064701	Practicantes de Enfermería Pediátrica
55447	D064701	Profesionales de Enfermería Pediátrica
55447	D064701	enfermeras practicantes de pediatría
55447	D064701	profesionales de enfermería pediátrica
55448	D064691	Enfermeras Visitadoras
55448	D064691	Enfermeras de Salud Comunitaria
55448	D064691	Enfermeras en Salud Comunitaria
55448	D064691	Las enfermeras, cuyo trabajo combina elementos tanto de enfermería de atención primaria y la práctica de la salud pública y tiene lugar principalmente fuera de la institución terapéutica . Los cuidados de enfermería primaria están dirigidos a individuos, familias o grupos en su entorno natural dentro de las comunidades
55448	D064691	Visitadoras de Salud
55448	D064691	enfermeras de salud comunitaria
55448	D064691	enfermeras en salud de la comunidad
55448	D064691	enfermeras visitadoras
55448	D064691	enfermeros visitadores
55448	D064691	visitadoras de salud
55448	D064691	visitadoras sanitarias
55448	D064691	visitadores sanitarios
55449	D064689	Enfermeras de Salud Pública
55449	D064689	Enfermeras en Salud Pública
55449	D064689	Enfermeros de Salud Pública
55449	D064689	Enfermeros en Salud Pública
55449	D064689	Las enfermeras, cuyo objetivo es mejorar la salud y calidad de vida en una población o comunidad a través de la prevención y el tratamiento de la enfermedad y otras condiciones de salud física y mental, la vigilancia de los casos y los indicadores de salud , y la promoción de comportamientos saludables a través de la educación y sensibilización del público
55449	D064689	enfermeras de salud pública
55449	D064689	enfermeros de salud pública
55449	D064689	personal de enfermería de salud publica
55774	D065102	Enfermeros no Diplomados
55774	D065102	Personal de salud que no obtuvieron el título profesional o credenciales, pero completaron el entrenamiento y tienen licencia para prestar atención médica de rutina bajo la dirección de las enfermeras y los médicos registrados
55774	D065102	enfermeros no diplomados
55775	D066231	Cirujanos
55775	D066231	Médicos calificados para ejercer la cirugía
55775	D066231	cirujanos
55776	D065834	Personal Religioso
55776	D065834	Personas que viven y trabajan de acuerdo a la vocación religiosa, o llamamiento, a una vida consagrada u ordenado
55776	D065834	personal religioso
55777	D065830	Miembros de una comunidad religiosa de hombres que habitualmente viven bajo votos de pobreza , castidad y obediencia
55777	D065830	Monjes
55777	D065830	monjes
55778	D065831	Miembros de una comunidad religiosa de mujeres que típicamente viven bajo votos de pobreza , castidad y obediencia
55778	D065831	Monjas
55778	D065831	monjas
56194	D000067565	Agricultor
56194	D000067565	Agricultores
56194	D000067565	Granjero
56194	D000067565	Granjeros
56194	D000067565	Las personas que cultivan la tierra para los cultivos o criar GANADO
56194	D000067565	agricultor
56194	D000067565	agricultores
56194	D000067565	granjero
56194	D000067565	granjeros
56194	D000067565	trabajador agrícola
56194	D000067565	trabajadores agrícolas
56195	D000066794	Cirujanos Oromaxilofaciales
56195	D000066794	Cirujanos orales y maxilofaciales
56195	D000066794	Dentistas que se especializan en el tratamiento quirúrgico de las lesiones, enfermedades y anomalías de las regiones orales y maxilofaciales
56196	D000066792	Dentistas especializados en el tratamiento de los DIENTES mal alineados y MALOCLUSIÓN
56196	D000066792	Ortodoncista
56196	D000066792	Ortodoncistas
56196	D000066792	ortodoncistas
56197	D000069471	Neurocirujanos
56197	D000069471	Personal medico calificado que se especializa en el tratamiento quirúrgico de las enfermedades del CEREBRO y de otras partes del SISTEMA NERVIOSO
56197	D000069471	neurocirujanos
56198	D000067572	Mineros
56198	D000067572	Personas que trabajan en una mina para extraer el mineral o MINERALES de la tierra
56198	D000067572	mineros
56199	D000068217	Profesionales que trabajan con personas afectadas por desventajas sociales como la POBREZA ; enfermedades o discapacidades mentales y físicas, e injusticia social. Su atención se centra tanto en el individual y su propio entorno, incluyendo violaciones de sus libertades civiles y los derechos humanos
56199	D000068217	Trabajadores Sociales
56199	D000068217	asistente social
56199	D000068217	trabajador social
56199	D000068217	trabajadores sociales
5681	D005550	Médicos Graduados Extranjeros
5681	D005550	Médicos que poseen diplomas de universidades de otros países y no del país en el cual practican
5681	D005550	licenciados en medicina extranjeros
56819	D000071959	Coordinador Asistencial
56819	D000071959	Coordinadores Asistenciales
56819	D000071959	Gestor de Casos
56819	D000071959	Gestores de Casos
56819	D000071959	Profesionales que están a cargo de la evaluación, planificación , facilitación, coordinación de la atención , y promoción de opciones y servicios para satisfacer las necesidades de salud del paciente y su familia
56819	D000071959	coordinador asistencial
56819	D000071959	coordinadores asistenciales
5682	D005551	Personal Profesional Extranjero
5682	D005551	Personas que han adquirido especialización o entrenamiento académico en otros países y no del país en el cual practican
5682	D005551	personal profesional extranjero
56820	D000072117	Consejeros
56820	D000072117	Orientadores
56820	D000072117	Profesionales capacitados en proporcionar información , orientación y recomendaciones a clientes o familias para apoyar su toma de decisiones y desarrollo de actividades de afrontamiento
56820	D000072117	consejeros
56821	D000071296	Cargos Públicos
56821	D000071296	Empleados Públicos
56821	D000071296	Empleados de Gobierno
56821	D000071296	Funcionários de Gobierno
56821	D000071296	Personas empleadas por el GOBIERNO
56821	D000071296	cargos públicos
56821	D000071296	empleados de gobierno
56821	D000071296	empleados públicos
56822	D000072077	Anestesistas
56822	D000072077	Asistentes Anestesistas
56822	D000072077	Asistentes de Anestesia
56822	D000072077	Auxiliares de Anestesia
56822	D000072077	Ayudantes de Anestesia
56822	D000072077	Personas capacitadas y certificadas para adminstrar ANESTÉSICOS
56822	D000072077	asistentes de anestesia
56822	D000072077	auxiliares de anestesia
56822	D000072077	ayudantes de anestesia
56823	D000072080	Anestesiólogos
56823	D000072080	Médicos Anestesistas
56823	D000072080	Médicos Anestesiólogos
56823	D000072080	Médicos especializados en ANESTESIOLOGÍA
56823	D000072080	anestesiólogos
56823	D000072080	médicos anestesistas
56824	D000072018	Audiólogos
56824	D000072018	Profesionales expertos en pruebas de diagnóstico de audición , DEFICIENCIA AUDITIVA y CORRECCIÓN DE DEFICIENCIA AUDITIVA por medios no médicos o no quirúrgicos
56824	D000072018	audiólogo
56825	D000072218	Dentistas especializados en el tratamiento de lesiones y enfermedades de la PULPA DENTAL
56825	D000072218	Endodoncista
56825	D000072218	Endodoncistas
56825	D000072218	endodoncista
56825	D000072218	endodoncistas
56826	D000071822	Despachador de Emergencia Policial
56826	D000071822	Despachador de Emergencias Médicas
56826	D000071822	Despachador de la Policía de Emergencia
56826	D000071822	Operador 9-1-1
56826	D000071822	Operador 911
56826	D000071822	Operador de Emergencia Policial
56826	D000071822	Operador de Emergencias 112
56826	D000071822	Operador de Emergencias Médicas
56826	D000071822	Operador de Emergencias Policiales
56826	D000071822	Operadores 9-1-1
56826	D000071822	Operadores 911
56826	D000071822	Operadores de Emergencias 112
56826	D000071822	Profesionales responsables de retransmitir llamadas para el despliegue de SERVICIOS MÉDICOS DE URGENCIA
56826	D000071822	operador de emergencia policial
56826	D000071822	operador de emergencias 112
56826	D000071822	operador de emergencias médicas
56826	D000071822	operador de emergencias policiales
56826	D000071822	operadores de emergencias 112
56827	D000072158	Epidemiólogos
56827	D000072158	Profesionales médicos calificados que estudian las causas, la incidencia y el comportamiento carácterístico de brotes de enfermedades u otras condiciones relacionadas con la salud y determinan las interrelaciones de los hospedadores, agentes y medio ambiente relacionados con la distribución y control de enfermedades
56827	D000072158	epidemiólogos
56828	D000072184	Enfermeras Especialistas
56828	D000072184	Especialistas en Enfermería
56828	D000072184	Profesionales de enfermería cuya práctica se limita a un área particular o disciplina de la medicina
56828	D000072184	enfermeras especialistas
56828	D000072184	enfermeros especialistas
56828	D000072184	personal de enfermería especialista
56829	D000072222	Enfermeras Pediátricas
56829	D000072222	Enfermeras de Pediatría
56829	D000072222	Enfermeros Pediátricos
56829	D000072222	Enfermeros de Pediatría
56829	D000072222	Personal de Enfermería Pediátrica
56829	D000072222	Profesionales de enfermería calificados especializados en el cuidado de los niños desde el nacimiento hasta a la adolescencia
56829	D000072222	enfermeras de pediatría
56829	D000072222	enfermeras pediátricas
56829	D000072222	enfermeros de pediatría
56829	D000072222	enfermeros pediátricos
56829	D000072222	personal de enfermería pediátrica
56829	D000072222	personal de enfermería puericultor
56830	D000072221	Enfermeras Neonatales
56830	D000072221	Enfermeros Neonatales
56830	D000072221	Personal de Enfermería Neonatal
56830	D000072221	Profesionales de enfermería calificados especializados en el cuidado de recién nacidos
56830	D000072221	enfermeras neonatales
56830	D000072221	enfermeros neonatales
56830	D000072221	personal de enfermería neonatal
56831	D000072087	Profesionales capacitados para ayudar a las personas a desarrollar o recuperar las habilidades necesarias para lograr la independencia en sus vidas
56831	D000072087	Terapeutas Ocupacionales
56831	D000072087	terapeutas ocupacionales
56832	D000072162	Optometristas
56832	D000072162	Optómetras
56832	D000072162	Profesionales calificados y capacitados en atención primaria de los ojos y la visión , incluyendo la medición de habilidades visuales, el diagnóstico de trastornos del sistema visual y la prestación de tratamientos, tales como recetas para la corrección de defectos visuales con lentes o gafas y terapia visual
56832	D000072162	optometristas
56832	D000072162	optómetras
56833	D000072223	Alergólogos
56833	D000072223	Médicos especializados en el tratamiento de personas con hipersensibilidad a los ALÉRGENOS
56833	D000072223	alergólogos
56834	D000072096	Cardiólogos
56834	D000072096	Profesionales médicos calificados que se especializan en la prevención y tratamiento de trastornos del corazón y SISTEMA CARDIOVASCULAR
56834	D000072096	cardiólogos
56835	D000072085	Dermatólogos
56835	D000072085	Médicos que se especializan en el tratamiento de trastornos de la píel
56835	D000072085	dermatólogos
56836	D000072097	Endocrinólogos
56836	D000072097	Médicos que se especializan en el tratamiento de ENFERMEDADES DEL SISTEMA ENDOCRINO
56836	D000072097	endocrinólogos
56837	D000072102	Gastroenterólogos
56837	D000072102	Hepatólogos
56837	D000072102	Médicos que se especializan el tratamiento de enfermedades del SISTEMA DIGESTIVO
56837	D000072102	gastroenterólogos
56837	D000072102	hepatólogos
56838	D000072219	Geriatras
56838	D000072219	Médicos especializados en aspectos fisiológicos y patológicos del envejecimiento y los ancianos, incluyendo los problemas clínicos de senescencia y senilidad
56838	D000072219	geriatras
56838	D000072219	gerontólogos
56839	D000072104	Nefrólogos
56839	D000072104	Profesionales médicos calificados que se especializan en el tratamiento de ENFERMEDADES RENALES
56839	D000072104	nefrólogos
56840	D000072141	Neurólogos
56840	D000072141	Profesionales médicos calificados que se especializan en el tratamiento de ENFERMEDADES DEL SISTEMA NERVIOSO
56840	D000072141	neurólogos
56841	D000072103	Médicos especializados en ONCOLOGÍA MÉDICA o sus subespecialidades ONCOLOGÍA POR RADIACIÓN u ONCOLOGÍA QUIRÚRGICA
56841	D000072103	Oncólogos
56841	D000072103	oncólogos
56842	D000072378	Médicos Especialistas en Oncología Radioterápica
56842	D000072378	Médicos especializados en el tratamiento del cáncer por RADIOTERAPIA
56842	D000072378	Oncólogos de Radiación
56842	D000072378	médicos especialistas en oncología radioterápica
56842	D000072378	oncólogos de radiación
56843	D000072163	Oculistas
56843	D000072163	Oftalmólogos
56843	D000072163	Profesionales médicos calificados especializados en el tratamiento médico y quirúrgico de defectos y enfermedades del ojo
56843	D000072163	oculista
56843	D000072163	oftalmólogos
56844	D000072220	Médicos especializados en el tratamiento de trastornos del oído, la nariz y la garganta
56844	D000072220	Otorrinolaringólogos
56844	D000072220	Otólogos
56844	D000072220	otorrinolaringólogos
56844	D000072220	otólogos
56845	D000072142	Anatomopatólogos
56845	D000072142	Histopatólogos
56845	D000072142	Médicos que evalúan los cambios en la estructura y función celular para diagnosticar los procesos de las enfermedades
56845	D000072142	Patólogos
56845	D000072142	anatomopatólogos
56845	D000072142	histopatólogo
56845	D000072142	patólogos
56846	D000072143	Pediatras
56846	D000072143	Profesionales médicos calificados especializados en mantener la salud y brindar atención médica a los niños desde el nacimiento hasta la adolescencia
56846	D000072143	pediatras
56847	D000072156	Médicos que se especializan en proporcionar atención médica a los recién nacidos
56847	D000072156	Neonatólogos
56847	D000072156	neonatólogos
56848	D000072157	Fisiatras
56848	D000072157	Médico Rehabilitador
56848	D000072157	Médicos especializados en el tratamiento de trastornos físicos y lesiones que afectan el cerebro , la médula espinal , los nervios, los huesos , las articulaciones , los ligamentos , los músculos y los tendones
56848	D000072157	médico rehabilitador
56849	D000072106	Médicos que se especializan en el tratamiento de los trastornos del SISTEMA RESPIRATORIO , especialmente en el diagnóstico y tratamiento de enfermedades y defectos de los pulmones y del árbol bronquial
56849	D000072106	Neumólogos
56849	D000072106	neumólogos
56850	D000072177	Médicos especializados en el uso de rayos X y otras formas de energía radiante para el diagnóstico y tratamiento de enfermedades
56850	D000072177	Radiólogos
56850	D000072177	radiólogos
56851	D000072140	Médicos que se especializan en el tratamiento de ENFERMEDADES REUMÁTICAS
56851	D000072140	Reumatólogos
56851	D000072140	reumatólogos
56852	D000072161	Cirujanos Ortopédicos
56852	D000072161	Médicos especializados en métodos médicos , quirúrgicos y físicos utilizados para tratar y corregir deformidades, enfermedades y lesiones del sistema esquelético, sus articulaciones y estructuras asociadas
56852	D000072161	Ortopedistas
56852	D000072161	Traumatólogos
56852	D000072161	cirujanos ortopédicos
56852	D000072161	traumatólogos
56853	D000072178	Médicos especializados en el diagnóstico y tratamiento de enfermedades del tracto urinario en ambos sexos, y el tracto genital en el hombre
56853	D000072178	Urólogos
56853	D000072178	urólogos
56854	D000071195	Personal Docente
56854	D000071195	Personal de Educación
56854	D000071195	Profesionales responsables de enseñar en una institución o lugar de aprendizaje como una escuela, colegio, instituto vocacional o universidad
56854	D000071195	personal docente
56855	D000071216	Docente de Farmacia
56855	D000071216	Docentes de Farmacia
56855	D000071216	Personal docente y administrativo con rango académico en una escuela o departamento de farmacia
56855	D000071216	Profesorado de Farmacia
56855	D000071216	profesorado de farmacia
56856	D000070777	Maestros
56856	D000070777	Maestros de Educación Infantil
56856	D000070777	Maestros de Educación Primaria
56856	D000070777	Miembros del personal responsable de enseñar a los estudiantes en una escuela desde el pre-kindergarten hasta el duodécimo grado
56856	D000070777	Profesores de Bachillerato
56856	D000070777	Profesores de Educación Secundaria
56856	D000070777	Profesores de Enseñanza Media
56856	D000070777	Profesores de Escuela
56856	D000070777	Profesores de Escuela Primaria
56856	D000070777	Profesores de Escuela Secundaria
56856	D000070777	Profesores de Preescolares
56856	D000070777	maestro de escuela
56856	D000070777	maestros de educación infantil
56856	D000070777	maestros de educación primaria
56856	D000070777	profesores de bachillerato
56856	D000070777	profesores de escuela Primaria
56856	D000070777	profesores de escuela secundaria
56857	D000070356	Aviadores
56857	D000070356	Copiloto
56857	D000070356	Personas capacitadas y/o calificadas para operar una aeronave o un barco
56857	D000070356	Pilotos
56857	D000070356	aviadores
56857	D000070356	copiloto
56857	D000070356	piloto
56857	D000070356	pilotos
6421	D006270	Administradores de Instituciones de Salud
6421	D006270	Personal administrativo responsable por la implementacion de política y de dirigir las actividades de centros de atención a la salud
6421	D006270	administradores de centros sanitarios
6421	D006270	administradores de establecimientos sanitarios
6421	D006270	administradores de instituciones sanitarias
6897	D006740	Administradores de Hospital
6897	D006740	Personal administrativo responsable por la implementación de políticas y dirección de actividades en un hospital
6897	D006740	administradores de hospitales
6897	D006740	administradores hospitalarios
6915	D006758	Individuos que brindan sus servicios al hospital
6915	D006758	Voluntarios de Hospital
6915	D006758	voluntarios de hospital
6915	D006758	voluntarios hospitalarios
8656	D008486	Directores Médicos
8656	D008486	Ejecutivos Médicos
8656	D008486	Médicos empleados por un servicio médico, que sirven en una función administrativa o médica como jefe de personal médico, y que también actuan como vínculo entre el cuerpo médico y la administración
8656	D008486	directores médicos
8656	D008486	jefes médicos
8656	D008486	médicos ejecutivos
8664	D008497	Administradores de Registros Médicos
8664	D008497	Indivíduos profesionalmente calificados en la administración y manejo de los registros de pacientes . Use también para registros médicos técnicos
8664	D008497	administradores de historias clínicas
8664	D008497	administradores de registros médicos
8664	D008497	técnicos de historias clínicas
8669	D008502	Indivíduos responsables por las diferentes tareas relativas a la rutina de un consultorio médico
8669	D008502	Secretarias Médicas
8669	D008502	secretarios de consultas médicas
8670	D008503	Cuerpo Médico
8670	D008503	Personal médico profesional que proporciona atención a pacientes en un centro, institución o agencia de salud
8670	D008503	cuadro médico
8670	D008503	personal médico
8671	D008505	Archiveros de Hospital
8671	D008505	Cuerpo Médico Hospitalario
8671	D008505	Cuerpo Médico de Hospitales
8671	D008505	Médicos Recién Graduados
8671	D008505	Personal Médico Hospitalario
8671	D008505	Personal médico profesional aprobado para proporcionar atención médica en un hospital
8671	D008505	cuadro médico de hospital
8671	D008505	cuerpo médico de hospital
8671	D008505	médicos asistenciales de hospital
8671	D008505	personal médico de hospital
8671	D008505	personal médico hospitalario
9077	D008889	Despliegue Militar
9077	D008889	Guarda Costa
9077	D008889	Marineros
9077	D008889	Marines
9077	D008889	Personal Militar
9077	D008889	Personal Naval
9077	D008889	Personal de la Fuerza Aérea
9077	D008889	Personal de las Fuerzas Armadas
9077	D008889	Personal del Ejército
9077	D008889	Personas que incluyen los soldados involucrados en las fuerzas armadas
9077	D008889	Soldados
9077	D008889	Submarineros
9077	D008889	despliegue militar
9077	D008889	guardacosta
9077	D008889	infantes de marina
9077	D008889	marineros
9077	D008889	personal de la Armada
9077	D008889	personal de la Fuerza Aérea
9077	D008889	personal de las fuerzas armadas
9077	D008889	personal militar
9077	D008889	soldados
9077	D008889	submarinistas
9466	D009274	Grupos Profesionales
9466	D009274	Miembros de varias profesiones (e.g. MÉDICOS ) u ocupaciones (por ejemplo, POLICIA 
9466	D009274	grupos profesionales
9903	D009718	Enfermeras Administradoras
9903	D009718	Enfermeras profesionalmente especializadas en administración
9903	D009718	administradores de enfermería
9903	D009718	enfermeros administradores
9903	D009718	personal de enfermería administrador
9904	D009719	Enfermera Anestesista
9904	D009719	Enfermeras Anestesistas
9904	D009719	Enfermeras profesionales con post-graduación en la administración de anestesia
9904	D009719	Enfermero Anestesista
9904	D009719	Enfermeros Anestesistas
9904	D009719	enfermeros de anestesia
9904	D009719	personal de enfermería anestesista
9905	D009720	Enfermeras Clínicas
9905	D009720	Enfermeras universitarias que poseen grado de maestro en enfermeria con enfasis en clínica médica y que actuan independientemente en la coordinación de planes de atención a pacientes
9905	D009720	Especialistas en Enfermería Clínica
9905	D009720	enfermeros clínicos
9905	D009720	especialistas de enfermería clínica
9905	D009720	personal de enfermería clínica
9906	D009721	Enfermera Comadrona
9906	D009721	Enfermera Matrona
9906	D009721	Enfermera Obstetra
9906	D009721	Enfermera Obstetriz
9906	D009721	Enfermera Obstétrica
9906	D009721	Enfermera Partera
9906	D009721	Enfermeras Comadronas
9906	D009721	Enfermeras Matronas
9906	D009721	Enfermeras Obstetras
9906	D009721	Enfermeras Obstetrices
9906	D009721	Enfermeras Obstétricas
9906	D009721	Enfermeras Parteras
9906	D009721	Enfermero Comadrón
9906	D009721	Enfermero Matrón
9906	D009721	Enfermero Partero
9906	D009721	Enfermeros Comadrones
9906	D009721	Enfermeros Matrones
9906	D009721	Enfermeros Obstetras
9906	D009721	Enfermeros Obstétricos
9906	D009721	Enfermeros Parteros
9906	D009721	Enfermeros profesionales que han recibido formación de posgrado en TOCOLOGIA
9906	D009721	enfermera comadrona
9906	D009721	enfermera matrona
9906	D009721	enfermera obstetra
9906	D009721	enfermera obstétrica
9906	D009721	enfermera partera
9906	D009721	enfermeras comadronas
9906	D009721	enfermeras matronas
9906	D009721	enfermeras obstetras
9906	D009721	enfermeras obstetrices
9906	D009721	enfermeras obstétricas
9906	D009721	enfermeras parteras
9906	D009721	enfermero comadrón
9906	D009721	enfermero matrón
9906	D009721	enfermero obstetra
9906	D009721	enfermero obstétrico
9906	D009721	enfermero partero
9906	D009721	enfermeros comadrones
9906	D009721	enfermeros matrones
9906	D009721	enfermeros obstetras
9906	D009721	enfermeros parteros
9908	D009722	Enfermeras Practicantes
9908	D009722	Enfermeras que son especialmente entrenadas para asumir la atención directa al paciente bajo la supervisión de un médico
9908	D009722	enfermeros diplomados
9908	D009722	personal de enfermería diplomado
9912	D009726	Enfermera
9912	D009726	Enfermera y Enfermero
9912	D009726	Enfermeras
9912	D009726	Enfermeras y Enfermeros
9912	D009726	Enfermero y Enfermera
9912	D009726	Enfermeros y Enfermeras
9912	D009726	Profesionales calificados graduados de una escuela acreditada de enfermería y por el paso de un examen nacional de concesión de licencias para la práctica de enfermería . Ellos proporcionan servicios a los pacientes en la recuperación o el mantenimiento de su salud física o mental
9912	D009726	enfermera
9912	D009726	enfermeras
9912	D009726	enfermeros
9913	D009727	Enfermeros
9913	D009727	Enfermeros del sexo masculino
9913	D009727	enfermero
9913	D009727	enfermero del sexo masculino
9913	D009727	enfermero hombre
9913	D009727	enfermeros del sexo masculino
9913	D009727	enfermeros hombres
9914	D009728	Asistentes de Enfermería
9914	D009728	Auxiliar de Enfermería
9914	D009728	Auxiliar del Enfermero
9914	D009728	Auxiliares de Enfermeras
9914	D009728	Auxiliares de Enfermería
9914	D009728	Ayudante de los Enfermeros
9914	D009728	Ayudantes de Enfermeros
9914	D009728	Ayudantes del Enfermero
9914	D009728	Nurses' aides/Ayudantes de enfermeros : Personal auxiliar de salud que asiste a la enfermera profesional en actividades de rutina
9914	D009728	asistente de enfermería
9914	D009728	asistentes de enfermería
9914	D009728	auxiliar de enfermería
9914	D009728	auxiliar del enfermero
9914	D009728	auxiliares de enfermeros
9914	D009728	auxiliares de enfermería
9914	D009728	ayudante de enfermeros
9914	D009728	ayudantes de enfermeros
9914	D009728	ayudantes de los enfermeros
9914	D009728	ayudantes del enfermero
9926	D009740	Personal de Enfermería
9926	D009740	Personal que proporciona cuidados de enfermería en instituciones u organismos
9926	D009740	personal de enfermería
9927	D009741	Personal de Enfermería en Hospital
9927	D009741	Personal que proporciona cuidados de enfermería a pacientes en un hospital
9927	D009741	personal de enfermería en hospitales
9927	D009741	personal de enfermería hospitalaria
9927	D009741	personal de enfermería hospitalario
9927	D009741	personal hospitalario de enfermería
9927	D009741	plantilla hospitalaria de enfermería
